player_id,player_name
32153,"Abbate, Ryan"
23950,"Aberg, Ludvig"
7612,"Adamonis, Brad"
10049,"Adams III, Frank"
30736,"Adrounie, Tom"
25686,"Aguado, Camilo"
11852,"Ahlers, Jaco"
7679,"Aiken, Thomas"
30618,"Akana, Blaze"
32652,"Akina, Kihei"
13528,"Akiyoshi, Shota"
21235,"Albertson, Anders"
11677,"Aldridge, Tyler"
14002,"Alexander, Tyson"
29152,"Alford, Ryan"
4871,"Alker, Steven"
5697,"Allan, Steve"
13850,"Allenby, James"
4949,"Allenby, Robert"
12764,"Alverio, Max"
28592,"Amat, Bastien"
10058297,"Amin, Paresh"
14459,"An, Byeong Hun"
18238,"Ancer, Abraham"
23540,"Andersen, Mason"
12131,"Anderson, Mark"
26617,"Anderson, Matthew"
28677,"Anderson, Samuel"
708,"Andrade, Billy"
19634,"Angles, Pep"
19029,"Anguiano, Mark"
22815,"Antcliff, Maverick"
12321,"Aphibarnrat, Kiradech"
5294,"Appleby, Stuart"
16213,"Arendell, Connor"
17813,"Armitage, Marcus"
8469,"Armour, Ryan"
24906,"Armstrong, Dawson"
13815,"Arnaud, Michael"
23236,"Arnaus, Adri"
16135,"Arp, Riley"
12637,"Asaji, Yosuke"
19360,"Atkins, Matt"
5701,"Atwal, Arjun"
26211,"Augenstein, John"
27326,"Augustus IV, Daniel"
27681,"Auterson, Mike"
19637,"Axelsen, John"
8024,"Axley, Eric"
18700,"Aylwin, Kevin"
30445,"Ayora, Angel"
23657,"Babcock, Chris"
11281,"Baca, Ryan"
23016,"Bachem, Nick"
6252,"Baddeley, Aaron"
10081,"Bae, Sangmoon"
25628,"Bae, Yongjun"
12745,"Baek, Todd"
17346,"Bai, Bobby"
17346,"Bai, Zheng-Kai"
27257,"Bailey, Braden"
28615,"Bairstow, Sam"
13971,"Baker, Chris"
24483,"Balcar, Michael"
11569,"Baldwin, Mark"
13344,"Baldwin, Matthew"
14872,"Balin, Daniel"
14872,"Balin, Danny"
26338,"Balkin, Todd"
28473,"Ballester Barrio, Jose Luis"
28473,"Ballester, Jose Luis"
18678,"Ballo, Jr., Mike"
28320,"Ballo, Pete"
25076,"Ban, Shintaro"
31149,"Banke, Christian"
21993,"Barbaree, Philip"
15608,"Barber, Blayne"
25865,"Barber, Garrett"
16849,"Barco, Luis Fernando"
21422,"Bard, Derek"
16566,"Barjon, Paul"
23951,"Barker, Kyle"
6138,"Barlow, Craig"
14799,"Barnes, Erik"
6846,"Barnes, Ricky"
16695,"Barron, Derek"
19068,"Barron, Haydn"
15499,"Bateman, Wil"
19846,"Bauchou, Zach"
19846,"Bauchou, Zachary"
26799,"Baumgartner, Jonas"
26117,"Bayley, Derek"
23853,"Beach, Alex"
29765,"Beckler, Andrew"
3869,"Beckman, Cameron"
6301,"Beem, Rich"
12819,"Bekker, Oliver"
13118,"Beljan, Charlie"
32331,"Bell, Parker"
24186,"Bell, Ross"
20972,"Benitez, Isidro"
24488,"Benitez, Juan Carlos"
28158,"Bennett, Sam"
9434,"Bensel, Jr., Frank"
19863,"Berberian, Jr., Rich"
4970,"Berganio, Jr., David"
17606,"Berger, Daniel"
25077,"Bergeron, Jacob"
22275,"Bernard, Hugo"
31887,"Berry, Brandon"
13013,"Bertasio, Nino"
26101,"Bertsch, Justin"
5605,"Bertsch, Shane"
26562,"Besard, Matthis"
9413,"Besseling, Wil"
31779,"Betschart, Oliver"
7835,"Bettencourt, Matt"
32185,"Bevell, Josh"
26512,"Beverly, Aaron"
18103,"Bezuidenhout, Christiaan"
26096,"Bhatia, Akshay"
10766,"Bhullar, Gaganjeet"
26283,"Bibbs, Taylor"
16776,"Bide, Francisco"
32516,"Bienz, Nick"
18435,"Binfield, Wade"
29496,"Bingaman, Brandon"
25614,"Biondi, Fred"
11619,"Bjerregaard, Lucas"
14775,"Bjork, Alex"
14775,"Bjork, Alexander"
5725,"Bjorn, Thomas"
22353,"Black, Otto"
23114,"Blackburn, Brooks"
22262,"Blair, Michael"
17639,"Blair, Zac"
612,"Blake, Jay Don"
24956,"Blanchet, Chandler"
10829,"Bland, Adam"
6516,"Bland, Richard"
7185,"Blanks, Kris"
9643,"Blaum, Ryan"
21876,"Blick, Cody"
26186,"Bling, Devon"
8182,"Blixt, Jonas"
12333,"Block, Michael"
29199,"Board, Dillon"
32680,"Bogdanoff, Steve"
6462,"Bohn, Jason"
29948,"Boneta, Albert"
16424,"Boonma, Danthai"
25389,"Booth, Grant"
12978,"Borchert, Matthew"
27261,"Boriboonsub, Denwit David"
4650,"Boros, Guy"
16483,"Boros, Joe"
32473,"Botha, Barend"
18240,"Bouniol, Cyril"
7932,"Bourdy, Gregory"
5920,"Bowden, Craig"
7053,"Bowditch, Steven"
23454,"Bowser, Evan"
17564,"Bozzelli, Dominic"
33067,"Brack, Dylan"
29971,"Bradbury, Dan"
13872,"Bradley, Keegan"
3582,"Bradley, Michael"
11600,"Bradshaw, David"
11600,"Bradshaw, David S."
23455,"Brame Jr., Grady"
14698,"Bramlett, Joseph"
15625,"Brand, Christian"
5624,"Bransdon, David"
26622,"Brault, Etienne"
8390,"Brazel, Sam"
6280,"Brehaut, Jeff"
10423,"Brehm, Ryan"
10811,"Bremner, Merrick"
29197,"Brennan, Michael"
29433,"Bridgeman, Jacob"
26164,"Brijalba, Rufus"
23244,"Bring, Christoffer"
26812,"Brischke, Craig"
2860,"Broadhurst, Paul"
15603,"Broberg, Kristoffer"
9891,"Broce, Jamie"
14003,"Brock, Josh"
32332,"Broin, Gunnar"
24,"Brooks, Mark"
29947,"Brown, Barclay"
32152,"Brown, Blades"
26892,"Brown, Cullan"
20766,"Brown, Daniel"
30806,"Brown, Evan"
11330,"Brown, Scott"
15771,"Brown, Steven"
16488,"Browne Jr, Olin"
2130,"Browne, Olin"
26893,"Bruce, Callum"
16363,"Brun, Julien"
23054,"Bryan, IV, George"
21236,"Bryan, Wesley"
32333,"Buchanan, Jackson"
25363,"Buckley, Hayden"
18874,"Budd, Russell"
29713,"Buhl, William"
15715,"Bulle, Kent"
21312,"Bullington, Brian"
31365,"Burgess, Connor"
11082,"Burgoon, Bronson"
14424,"Burmester, Dean"
31161,"Burnett, Ryan"
32467,"Burnette, Beck"
19483,"Burns, Sam"
14173,"Bussieres, Marc-Etienne"
32462,"Butler, John Marshall"
6931,"Byrd, Jonathan"
29304,"Byrd, Marcus"
23132,"Cabra, Zach"
7457,"Cabrera Bello, Rafa"
5717,"Cabrera, Angel"
31030,"Cahill, Matt"
28641,"Cairns, Ethan"
30,"Calcavecchia, Mark"
13682,"Caldwell, Jonathan"
29766,"Calkins, Brady"
16042,"Calvesbert, Robert"
16042,"Calvesbert, Robi"
14373,"Campbell, Ben"
18628,"Campbell, Brian"
6248,"Campbell, Chad"
23541,"Campbell, Matthew"
14016,"Campillo, Jorge"
12909,"Campos, Rafael"
11509,"Canizares, Alejandro"
22919,"Cannon, Will"
14795,"Canter, Laurie"
19635,"Cantero Gutierrez, Ivan"
15466,"Cantlay, Patrick"
30730,"Cantwell, Tim"
15067,"Cao, Yi"
21412,"Capan III, Frankie"
14776,"Cappelen, Sebastian"
8570,"Carballo, Miguel Angel"
20668,"Carey, David"
9874,"Carll, Kevin"
25563,"Carlson, Brian"
26119,"Carmona, Mario"
1798,"Caron, Jason"
30732,"Carr, Ben"
29579,"Carrera, Luis"
7108,"Casey, Paul"
30619,"Castillo, Michael"
27819,"Castillo, Ricky"
12643,"Castro, Roberto"
18524,"Catlin, John"
14502,"Cauley, Bud"
31190,"Cavaliere, Christian"
18185,"Cazaubon, Rodolfo"
4425,"Cejka, Alex"
29665,"Celano, Ryan"
19000,"Celia, Ricardo"
23549,"Celli, Filippo"
26745,"Chacarra, Eugenio"
5625,"Chalmers, Greg"
23542,"Champ, Cameron"
31212,"Chandler, Will"
18338,"Chang, Yi Keun"
18338,"Chang, Yikeun"
13305,"Chappell, Kevin"
14128,"Charoenkul, Gunn"
30620,"Chatfield, Davis"
7040,"Chawrasia, SSP"
18735,"Chesters, Ashley"
6386,"Chia, Danny"
25285,"Chiarella, Alex"
32262,"Chicoyne, Jakob"
14797,"Chin, John"
12096,"Cho, Min-gyu"
15606,"Choi, Albin"
9041,"Choi, Ho Sung"
7024,"Choi, Jinho"
1804,"Choi, K.J."
15019,"Choi, Min Chel"
15019,"Choi, Minchel"
25091,"Choi, Sam"
2035,"Chopra, Daniel"
31123,"Christensen, Tiger"
27206,"Chung, Henry"
18868,"Chung, Jin"
20843,"Cianchetti, Luca"
5665,"Cink, Stewart"
32330,"Clanton, Luke"
23604,"Clark, Wyndham"
3523,"Clarke, Darren"
5921,"Claxton, Paul"
10486,"Claxton, Will"
589,"Clearwater, Keith"
31704,"Clegg, Ford"
22608,"Clements, Todd"
32594,"Clemons, Dominic"
12805,"Cocha, Tommy"
18434,"Cochran, Case"
15596,"Cockerill, Aaron"
10884,"Coetzee, George"
33134,"Cohen, Gavin"
21756,"Cole, Eric"
27707,"Cole, Preston"
24485,"Cole, Ryan"
18177,"Coletta, Brett"
28077,"Collet, Tyler"
7744,"Collins, Chad"
25333,"Collins, Cougar"
12605,"Colomo, Javier"
6893,"Colsaerts, Nicolas"
6556,"Compton, Erik"
21880,"Cone, Trevor"
19704,"Connelly, Austin"
17576,"Conners, Corey"
19295,"Contini, Martin"
27870,"Coody, Parker"
28309,"Coody, Pierceson"
18579,"Cook, Austin"
24486,"Cook, Ben"
24486,"Cook, Benny"
23653,"Cooke, Alan"
26574,"Cootes, Roy"
27985,"Cordes, Anthony"
16862,"Cordoba, Cledy"
13510,"Corpening, Franklin"
29671,"Cottam, Kyle"
4614,"Couch, Chris"
12427,"Coupland, David"
44,"Couples, Fred"
20727,"Coussaud, Ugo"
11441,"Covello, Vince"
26102,"Cover, Patrick"
31345,"Cox, Trey"
25026,"Crancer, Ben"
6674,"Crane, Ben"
18788,"Crawford, Aaron"
22043,"Crawford, Chris"
31421,"Creasy, Connor"
17570,"Creel, Joshua"
26143,"Creighton, Myles"
14847,"Crick, Brandon"
23462,"Crisologo, Chris"
23610,"Crocker, Sean"
28616,"Croft, Daniel"
29802,"Cross, Spencer"
24280,"Crowe, Harrison"
27780,"Crowe, Trace"
27996,"Cummins, Quade"
24960,"Cunningham, George"
14699,"Curran, Jon"
7101,"Curtis, Ben"
15209,"Curtis, Thomas"
17068,"Daffue, MJ"
14509,"Dahmen, Joel"
21501,"Dalke, Brad"
863,"Daly, John"
25132,"D'Amario, Adam"
21310,"Danielson, Charlie"
14018,"Dantorp, Jens"
31210,"Davenport, Reid"
31762,"Davis, Billy"
5663,"Davis, Brian"
17786,"Davis, Cam"
17786,"Davis, Cameron"
29078,"Davis, Ryan"
25241,"Davison, Callum"
3410,"Day, Glen"
9771,"Day, Jason"
27442,"de Borba, Scott"
12821,"de Jager, Louis"
8767,"de Jonge, Brendon"
29195,"de la Fuente, Santiago"
24356,"De Los Santos, Justin"
9158,"Deacon, JC"
16497,"Dean, Joe"
16497,"Dean, Joseph"
5782,"Deane, Stuart"
11096,"Deason, Chip"
19841,"DeChambeau, Bryson"
22259,"Del Rey, Alejandro"
17422,"Del Solar, Cristobal"
15791,"Del Val, Samuel"
10252,"DeLaet, Graham"
21726,"Delgado, Juan Cayro"
25214,"DeMarco, Thomas"
30430,"Deminsky, Derek"
25078,"DeMorat, Mickey"
20351,"DeMoss, Mookie"
28075,"Deneen, Morgan"
26618,"Deraney, Joe"
26618,"Deraney, Joseph"
29023,"DeSilva, Chaka"
14181,"Detry, Thomas"
15394,"Diaz, Roberto"
7925,"Dickinson, Paul"
27420,"Dickson, Taylor"
23574,"Dietrich, Eric"
27327,"Dillas, Jarryd"
26193,"Ding, Wenyi"
11894,"Dinwiddie, Robert"
7466,"Dobyns, Matt"
24962,"Docherty, Alistair"
4311,"Dodd, Stephen"
32595,"Dodd-Berry, Matthew"
8364,"Dodt, Andrew"
24963,"Doeden, Justin"
4163,"Donald, Luke"
7084,"Donaldson, Jamie"
18629,"Dorn, Andrew"
29347,"Dossey, Cooper"
16757,"Dou, Zecheng"
25918,"Doucett, BJ"
25918,"Doucett, Bruce"
19738,"Dougherty, Kevin"
4034,"Downes, Billy"
33101,"Doyle, Drew"
6150,"Dredge, Bradley"
15162,"Drewitt, Brett"
6228,"Driscoll, James"
24584,"Droemer, Jesse"
6867,"Drysdale, David"
21203,"du Preez, James Hart"
22086,"du Toit, Jared"
7301,"Dufner, Jason"
13338,"Dugas, Eric"
493,"Duke, Ken"
22002,"Dumont de Chassart, Adrien"
28914,"Duncan, Michael"
18187,"Duncan, Tyler"
28270,"Dunlap, Nick"
18736,"Dunne, Paul"
31160,"Durham, Taylor"
4761,"Duval, David"
14262,"Dwyer, Brian"
23299,"Earnest, Paul"
15181,"Easton, Bryce"
26652,"Eaton, Chandler"
22833,"Echavarria, Nico"
22833,"Echavarria, Nicolas"
26653,"Eckroat, Austin"
23791,"Ege, Mats"
18786,"Eggers, Jacob"
27847,"Elliott, Blake"
23726,"Ellis, Harry"
874,"Els, Ernie"
12988,"Elvira Mijares, Ignacio"
26008,"Elvira, Manuel"
12988,"Elvira, Nacho"
19208,"Endycott, Harrison"
14577,"English, Harris"
12287,"Enoch, Rhys"
29675,"Epson, Hunter"
21938,"Eriksson, Philip"
16711,"Ernst, Derek"
33068,"Eroshenko, Egor"
889,"Estes, Bob"
8573,"Esteve, Jeronimo"
11911,"Etulain, Julian"
25600,"Euler, Lukas"
17391,"Evans, Chris"
19030,"Evans, Ryan"
24965,"Everett, Broc"
10185,"Every, Matt"
21883,"Ewart, A.J."
3754,"Fanning, Todd"
13318,"Farr, Oliver"
12689,"Fathauer, Derek"
14568,"Favela, Armando"
8262,"Fdez-Castano, Gonzalo"
28539,"Feagler, Clay"
26656,"Feagles, Michael"
29497,"Feenstra, Tim"
21646,"Ferguson, Ewen"
24294,"Fernandez de Oliveira, Mateo"
16786,"Fernandez Valdes, Jorge"
16237,"Fernandez, JD"
8262,"Fernandez-Castano, Gonzalo"
24502,"Feuerstein, Michael"
5754,"Fichardt, Darren"
19618,"Fidone, Sam"
10033,"Figueiredo, Pedro"
16044,"Figueroa, Edward"
24424,"Filbert, Andrew"
11676,"Finau, Tony"
33003,"Fioroni, Caden"
17273,"Fischer, Zack"
18704,"Fish, Mardy"
25094,"Fishburn, Patrick"
23709,"Fisher, Darin"
9396,"Fisher, Ross"
26657,"Fisk, Steven"
25362,"Fitzpatrick, Alex"
17646,"Fitzpatrick, Matt"
17646,"Fitzpatrick, Matthew"
26982,"Flanagan, Angus"
8357,"Flanagan, Nick"
26122,"Flavin, Patrick"
12294,"Fleetwood, Tommy"
4707,"Flesch, Steve"
15788,"Flores, Erik"
10535,"Flores, Martin"
25973,"Floydd, Jack"
32985,"Flynn, Charlie"
15812,"Foley, Kevin"
31343,"Ford, David"
10139,"Ford, Matt"
31802,"Ford, Maxwell"
32600,"Forest, Beau"
17816,"Forgan, Sam"
16475,"Forrest, Grant"
19806,"Forsstrom, Simon"
30899,"Fortlage, Erich"
5928,"Foster, Mark B."
12965,"Fowler, Rickie"
11889,"Fox, Ryan"
3436,"Franco, Carlos"
6932,"Franz, Jr., Ray"
7070,"Fraser, Marcus"
9834,"Fraustro, Oscar"
6151,"Frazar, Harrison"
19811,"Freiburghaus, Jeremy"
24489,"French, Chris"
24657,"Friedrichsen, Sebastian"
7207,"Fritsch, Brad"
11955,"Frittelli, Dylan"
13904,"Frost, Charles"
440,"Frost, David"
11283,"Fujikawa, Tadd"
11773,"Fujimoto, Yoshinori"
12889,"Fung, Nicholas"
72,"Funk, Fred"
24718,"Funk, Taylor"
25771,"Furr, Wilson"
2881,"Furyk, Jim"
30767,"Gabrelcik, Nick"
25079,"Gagne, Luis"
12169,"Gainey, Tommy"
19212,"Gale, Daniel"
5647,"Gallacher, Stephen"
27352,"Gallegos, Abel"
24490,"Galletti, Nicolo"
2878,"Gamez, Robert"
19253,"Gana, Toto"
18058,"Gandas, Manu"
18933,"Gandon, Jeremy"
7038,"Gangjee, Rahil"
6642,"Gangluff, Stephen"
27778,"Gannon, Luke"
18658,"Garber, Joey"
12258,"Garcia Rodriguez, Sebastian"
5689,"Garcia, Sergio"
7887,"Garcia-Heredia, Alfredo"
11451,"Garnett, Brice"
21885,"Garrick, Jonathan"
6789,"Garrigus, Robert"
19619,"Garza, Luis Gerardo"
13433,"Gates, Bobby"
19423,"Gaugert, Alex"
18241,"Gavins, Daniel"
5951,"Gay, Brian"
23138,"Gazzolo, David"
9903,"Geary, Josh"
21886,"Geddes, Mark"
16484,"Gee, Devin"
19909,"Gellerman, Michael"
14596,"Geminiani, Domenico"
23732,"Genovese, Mike"
29767,"Gerard, Ryan"
25888,"Germishuys, Deon"
24550,"Ghim, Doug"
20977,"Giacomazzi, Dino"
31311,"Giannetto, Jay"
30203,"Giantsopoulos, Angelo"
14785,"Gibb, Judd"
13342,"Gibson, Rhein"
28167,"Gibson, Tommy"
31881,"Gifford, Luke"
22261,"Gilchrest, Matt"
24985,"Gillam, Parker"
6883,"Gillespie, Derek"
19388,"Gilley, Chris"
26953,"Gilligan, Ian"
29776,"Giroux, Thomas"
15592,"Girrbach, Joel"
13404,"Gligic, Michael"
7399,"Glover, Lucas"
19742,"Godsey, Conner"
31218,"Goetz, Mark"
32554,"Goff, Alex"
5466,"Gogel, Matt"
3756,"Goggin, Mathew"
8571,"Gomez, Fabian"
33198,"Gomez, Gerardo"
11640,"Gonzales, Andres"
28016,"Gonzalez, Emilio"
18580,"Gooch, Talor"
24837,"Goodwin, Noah"
4884,"Goosen, Retief"
26660,"Gordon, Will"
6321,"Gore, Jason"
26866,"Gore, Tanner"
16813,"Goss, Oliver"
27774,"Gotterup, Chris"
27774,"Gotterup, Christopher"
18722,"Gouveia, Ricardo"
6390,"Gove, Jeff"
10877,"Goya, Estanislao"
10877,"Goya, Tano"
3702,"Goydos, Paul"
27843,"Graboyes, Luke"
11952,"Grace, Branden"
22914,"Grant, Brent"
29327,"Greaser, Austin"
26518,"Greco, John"
12530,"Green, Gavin"
12530,"Green, Gavin Kyle"
24967,"Greene, Keith"
6243,"Gregory, Greg"
22253,"Gregory, Scott"
24988,"Grey, J.J."
23465,"Greyserman, Max"
17508,"Gribble, Cody"
24968,"Griffin, Ben"
29049,"Griffin, J.P."
15609,"Griffin, J.T."
15330,"Griffin, Lanto"
9780,"Griffin, Matthew"
12808,"Grillo, Emiliano"
22689,"Grimes, Patrick"
18630,"Grimmer, Will"
28321,"Gross, Larkin"
31029,"Grove, Russell"
28093,"Guan, Jeffrey"
18421,"Guerra, Juan Jose"
10201,"Guerrier, Julien"
28472,"Guise, Danny"
23892,"Gumberg, Jordan"
28528,"Gupta, Aman"
15610,"Guthrie, Luke"
7305,"Gutschewski, Scott"
24504,"Guxin, Chen"
7900,"Haas, Bill"
14457,"Hack, Jhared"
14967,"Hadley, Chesson"
13965,"Hadwin, Adam"
23113,"Hagestad, Stewart"
18695,"Hagy, Brandon"
11374,"Hahn, James"
28261,"Hahn, Jordan"
13568,"Hak, Shunyat"
29348,"Hale Jr, Blaine"
29348,"Hale, Jr., Blaine"
16039,"Haley II, Paul"
7708,"Hall, Ashley"
14862,"Hall, Gavin"
27194,"Hall, Harry"
31120,"Hall, Jake"
8092,"Hall, Kevin"
28630,"Hall, Ryan"
10497,"Hall, Tyler"
17747,"Halvorsen, Andreas"
17872,"Ham, Jeong Woo"
17872,"Ham, Jeongwoo"
28216,"Hambright, Chad"
20043,"Hamilton, Blair"
915,"Hamilton, Todd"
19864,"Hammer, Cole"
16242,"Hamrick, Hunter"
8046,"Han, Seungsu"
30406,"Hanko, Joseph"
23781,"Hanna, Chase"
23854,"Hansen, Jaysen"
14284,"Hansen, Joachim B"
10886,"Harding, Justin"
19865,"Hardy, Nick"
15427,"Harkins, Brandon"
8825,"Harman, Brian"
16909,"Harmeling, Evan"
12385,"Harmon, Matt"
5716,"Harrington, Padraig"
8479,"Harrington, Scott"
28751,"Harris, Matt"
3879,"Hart, Dudley"
94,"Hart, Jeff"
19508,"Harvey, Scott"
31960,"Hastings, Justin"
13426,"Hataji, Takahiro"
29681,"Hathcoat, Blake"
14796,"Hatton, Tyrrell"
8433,"Hayashi, Kevin"
22026,"Healey, Dylan"
7340,"Hearn, David"
12213,"Hebert, Benjamin"
18251,"Hebert, Michael"
6233,"Hebert, Scott"
6884,"Heffernan, Wes"
24941,"Heinen, Nick"
20190,"Helligkilde, Marcus"
1888,"Hend, Scott"
29430,"Hendrix, Bryce"
11885,"Hendry, Michael"
11885,"Hendry, Mike"
14578,"Henley, Russell"
6222,"Henry, J.J."
5859,"Hensby, Mark"
10316,"Henson, Berry"
17064,"Herbert, Lucas"
12846,"Herman, Jim"
31957,"Hernandez, Kelvin"
30622,"Herrera, Michael"
5621,"Herron, Tim"
28468,"Hervol, James"
21237,"Hickok, Kramer"
23466,"Hicks, Alexander"
31956,"Hicks, Caleb"
9166,"Hicks, Justin"
24127,"Hidalgo Portillo, Angel"
24127,"Hidalgo, Angel"
15756,"Higa, Kazuki"
24342,"Higgo, Garrick"
14140,"Higgs, Harry"
28469,"Highsmith, Joe"
25131,"Hill, Calum"
14029,"Hill, Matt"
28496,"Hillier, Charlie"
21362,"Hillier, Daniel"
29800,"Hillier, Harry"
20954,"Hirata, Kensei"
25027,"Hirschman, Grant"
22760,"Hisatsune, Ryo"
31257,"Hitchner, Derek"
28542,"Hitt, Austin"
14081,"Hoag, Bo"
15428,"Hocknull, Craig"
25157,"Hodges, Lee"
22134,"Hodkinson, Adam"
26521,"Hoelzer, Brandon"
23504,"Hoey, Rico"
5768,"Hoffman, Charley"
14082,"Hoffmann, Morgan"
31420,"Hofman, Noah"
27971,"Hogan, Kyle"
15575,"Hoge, Tom"
7743,"Hogue, Ryan"
23602,"Hojgaard, Nicolai"
23838,"Hojgaard, Rasmus"
28322,"Holmes, Derek"
7959,"Holmes, J.B."
7464,"Holmes, Steve"
29682,"Holmgren, Van"
25036,"Holt, Ian"
17538,"Homa, Max"
14802,"Homan, Wes"
18190,"Hopfinger, Brad"
19359,"Hopper, Michael"
15056,"Horikawa, Mikumu"
11276,"Horschel, Billy"
11230,"Horsey, David"
19866,"Horsfield, Sam"
19190,"Hoshino, Rikuya"
15470,"Hossler, Beau"
10065462,"Houchin, John"
10065463,"Houk, John"
26765,"Houtteman, Lee"
18841,"Hovland, Viktor"
27625,"Howe, Connor"
6892,"Howell III, Charles"
15119,"Hronek, David"
26710,"Hruby, Petr"
25080,"Huang, Franklin"
16333,"Hubbard, Mark"
22211,"Huge, Maclain"
15556,"Hughes, Mackenzie"
1480,"Hughes, Reed"
14606,"Huh, John"
12650,"Huizing, Daan"
25081,"Humphrey, Theo"
20206,"Hundeboll, Oliver"
27688,"Huntzinger, Charles"
9635,"Hur, In-hoi"
11046,"Hurley III, Billy"
29498,"Hurt, Austin"
26597,"Huskey, Keenan"
10065464,"Huss, Cameron"
707,"Huston, John"
25835,"Hutchins, Matt"
27465,"Hutchinson, Ben"
11104,"Hutsby, Sam"
10078,"Hwang, Innchoon"
14936,"Hwang, Jung-gon"
22255,"Iceman, Daniel"
12140,"Ichihara, Kodai"
17641,"Ihm, Steven"
8236,"Ikeda, Yuta"
18809,"Ikemura, Tomoyo"
17488,"Im, Sungjae"
6414,"Imada, Ryuji"
13485,"Imahira, Shugo"
5935,"Immelman, Trevor"
16165,"Inamori, Yuki"
15793,"India, Vince"
29499,"Inglis, Colin"
8569,"Inman, Manuel"
29500,"Ishee, Nic"
16458,"Ishika, Koichiro"
12232,"Ishikawa, Ryo"
28142,"Islas, Jose Cristobal"
28203,"Iwasaki, Aguri"
9099,"Iwata, Hiroshi"
14729,"Izumida, Daijiro"
12006,"Jacklin, Sean"
26686,"Jackson, Isaiah"
30464,"Jackson, Palmer"
109,"Jacobsen, Peter"
3846,"Jacobson, Freddie"
16394,"Jaeger, Stephan"
29914,"Jahn, Charles"
5973,"Jaidee, Thongchai"
18873,"James, Austin"
29827,"James, Ben"
29827,"James, Benjamin"
32445,"James, Zach"
11397,"Jamieson, Scott"
14368,"Janewattananond, Jazz"
13919,"Jang, Dongkyu"
892,"Janzen, Lee"
29328,"Jarvis, Aaron"
26947,"Jarvis, Casey"
25038,"Jelley, Brendon"
15456,"Jenkins, Carter"
13573,"Jeong, Jin"
15116,"Jertson, Marty"
3596,"Jimenez, Miguel Angel"
17351,"Jin, Cheng"
16421,"Johannessen, Kristian K."
25334,"Johnson, Chase"
12422,"Johnson, Dustin"
28038,"Johnson, Kamaiu"
15120,"Johnson, Michael"
9307,"Johnson, Neil"
1805,"Johnson, Richard"
1805,"Johnson, Richard S."
3349,"Johnson, Tom"
6986,"Johnson, Zach"
17619,"Johnson, Zach J."
14666,"Johnston, Andrew"
22354,"Jolly, Stewart"
6254,"Jones, Brendan"
33069,"Jones, Connor"
32254,"Jones, Dawson"
29501,"Jones, Jared"
5825,"Jones, Kent"
19867,"Jones, Kyle"
8605,"Jones, Matt"
30462,"Jones, Nick"
25866,"Jones, Peter"
27554,"Jones, Sam"
112,"Jones, Steve"
31438,"Jones, Zac"
28686,"Jonsson, Tobias"
25601,"Jordan, Matthew"
23979,"Jude, Davey"
23248,"Jung, Chanmin"
25906,"Jung, Peter"
24113,"Jung, Richard"
1606,"Jurgensen, Steve"
7558,"Justice, Grover"
19844,"Kaewkanjana, Sadom"
19729,"Kanaya, Takumi"
17531,"Kang, Alex"
21889,"Kang, Jeffrey"
7578,"Kang, Kyungnam"
7881,"Kang, Sung"
9553,"Kapur, Shiv"
9398,"Karlberg, Rikard"
23469,"Kartrude, Michael"
11195,"Kataoka, Daisuke"
18994,"Kataoka, Naoyuki"
20448,"Katsuragawa, Yuto"
18631,"Kaufman, Smylie"
28023,"Kawai, Evan"
22844,"Kawamoto, Riki"
13530,"Kawamura, Masahiro"
3581,"Kaye, Jonathan"
8117,"Kaymer, Martin"
32457,"Keefer, John"
32457,"Keefer, Johnny"
28503,"Keiser, Brian"
17546,"Kellen, Jeffrey"
32258,"Kellett, Cam"
5151,"Kelly, Jerry"
21942,"Kelly, Sean"
10181,"Kelly, Troy"
2794,"Kendall, Skip"
23209,"Kennedy, Blake"
6287,"Kennedy, Brad"
31455,"Kennedy, Max"
25439,"Kern, Ben"
23470,"Kevorkian, Jake"
24298,"Kho, Taichi"
18149,"Khongwatmai, Phachara"
12317,"Kieffer, Maximilian"
12847,"Killeen, J.J."
17415,"Kim, Alex"
12188,"Kim, Bio"
32334,"Kim, Bryan"
15004,"Kim, Chan"
21890,"Kim, Daniel"
12993,"Kim, Gi-Whan"
18484,"Kim, Hanbyeol"
11131,"Kim, Hyung-Sung"
24766,"Kim, Joohyung"
30796,"Kim, Justin"
17756,"Kim, Justin YW"
7880,"Kim, K.T."
28734,"Kim, Kris"
17543,"Kim, Michael"
20780,"Kim, Minkyu"
21688,"Kim, S.H."
21688,"Kim, Seonghyeon"
7716,"Kim, Seunghyuk"
14609,"Kim, Si Woo"
13307,"Kim, Sihwan"
7589,"Kim, Tae Hoon"
24766,"Kim, Tom"
11702,"Kim, Whee"
13486,"Kim, Yeongsu"
18027,"Kimsey, Nathan"
30649,"Kingsley, Harrison"
18514,"Kinhult, Marcus"
28586,"Kinney, Tripp"
14904,"Kinoshita, Ryosuke"
12423,"Kirk, Chris"
11328,"Kisner, Kevin"
21891,"Kitayama, Kurt"
13470,"Kizzire, Patton"
6149,"Kjeldsen, Soren"
24660,"Kjettrup, Frederik"
25320,"Kluver, Luke"
28146,"Knade, Peter"
19396,"Knapp, Jake"
12318,"Knappe, Alexander"
30986,"Knauth, William"
27652,"Kneen, Jake"
27658,"Kneiser, George"
25976,"Knipes, Curtis"
12349,"Knoll, Alex"
12149,"Knost, Colt"
16382,"Knous, Jim"
24562,"Knowles, Philip"
13831,"Knox, Russell"
26213,"Ko, Jeong Weon"
1599,"Kobayashi, Masanori"
24369,"Kobori, Kazuma"
28323,"Koch, Greg"
26139,"Kocher, David"
11197,"Kodai, Tatsuya"
13531,"Kodaira, Satoshi"
16243,"Koepka, Brooks"
21997,"Koepka, Chase"
13349,"Kofstad, Espen"
22649,"Koh, Guntaek"
16395,"Kohles, Ben"
32319,"Koivun, Jackson"
8601,"Kok, Johan"
12337,"Kokrak, Jason"
9252,"Korhonen, Mikko"
26124,"Korte, Chris"
15314,"Kosaihira, Yuwa"
19430,"Kozan, Andrew"
14209,"Kozuma, Jinichiro"
5049,"Kraft, Greg"
15852,"Kraft, Kelly"
7092,"Kresge, Cliff"
11978,"Kruger, Jbe'"
16896,"Kruyswijk, Jacques"
6169,"Kuchar, Matt"
27600,"Kuest, Peter"
31215,"Kuhl, Tommy"
7167,"Labritz, Rob"
14780,"Lagergren, Joakim"
25210,"Lagodich, Logan"
12669,"Lahiri, Anirban"
30000,"Lai, Eddy"
9586,"Laird, Martin"
29324,"Lamb, Davis"
18869,"Lamb, Rick"
9195,"Lamely, Derek"
24343,"Lamprecht, Christo"
4199,"Lancaster, Neal"
14000,"Landry, Andrew"
31202,"Lane, Jake"
26105,"Lane, Joey"
16652,"Langasque, Romain"
290,"Langer, Bernhard"
14700,"Langley, Scott"
22922,"Lansburgh, Peter"
14987,"Laporta, Francesco"
9133,"Larrazabal, Pablo"
31312,"Larson, Anders"
31846,"Larson, Hunter"
10943,"Lashley, Nate"
14784,"Law, David"
23710,"Lawrence, David"
18105,"Lawrence, Thriston"
5105,"Lawrie, Paul"
15885,"Lawson, Deyen"
14682,"Leaver, Grant"
21943,"Lebioda, Hank"
16706,"Lebrija, Roberto"
15239,"Ledesma, Nelson"
29169,"Lee, Alex"
11826,"Lee, Danny"
16811,"Lee, Donny"
24147,"Lee, Gyu Min"
15796,"Lee, Hyungjoon"
19047,"Lee, Jaekyeong"
24493,"Lee, Joshua"
13498,"Lee, Junghwan"
13497,"Lee, K.H."
13497,"Lee, Kyounghoon"
13497,"Lee, Kyoung-Hoon"
23135,"Lee, Matt"
16841,"Lee, Min Woo"
12413,"Lee, Richard"
15233,"Lee, Richard H."
12413,"Lee, Richard T."
17237,"Lee, Rodrigo"
23730,"Lee, S.M."
16162,"Lee, Seung-taek"
14614,"Lee, Soomin"
11156,"Lee, Tae Hee"
11156,"Lee, Taehee"
16598,"Lee, Tain"
23543,"Lee, Walker"
10713,"Lee, Wonjoon"
30174,"Lehman, Thomas"
757,"Lehman, Tom"
7649,"Leishman, Marc"
10418,"Lemke, Niklas"
13619,"Leon, Hugo"
23740,"Leonard, Brendan"
5603,"Leonard, Justin"
8612,"Leong, Ben"
27328,"Leseur, Kenny"
14870,"Leun-Kwang, Kim"
8199,"Levin, Spencer"
14973,"Levy, Alexander"
31285,"Lewis, Bryce"
32521,"Lewis, Riley"
15164,"Lewis, Tom"
12838,"Lewton, Steve"
15310,"Li, Hao Tong"
15310,"Li, Haotong"
6470,"Liang, WC"
5708,"Lickliter II, Frank"
13390,"Lieser, Ondrej"
19747,"Light, Tyler"
24317,"Lim, Mo"
22904,"Limbhasut, KK"
18983,"Lin, Yuxin"
25316,"Lincicome, Brittany"
20084,"Lindberg, Mikael"
20413,"Lindh, Charlie"
16713,"Lindheim, Nicholas"
14815,"Lingmerth, David"
15980,"Lipsky, David"
24170,"List, Danny"
7960,"List, Luke"
16156,"Liu, Yanwei"
25315,"Locke, Sam"
31866,"Logan, Hunter"
16897,"Lombard, Zander"
4122,"Lonard, Peter"
15473,"Long, Adam"
25138,"Long, Hurly"
27984,"Long, Joe"
31193,"Long, Luke"
29689,"Longbella, Thomas"
24538,"Longmire, David"
26745,"Lopez-Chacarra, Eugenio"
33135,"Loree, Tyler"
29768,"Lorenz, Ben"
9675,"Lorenzo-Vera, Michael"
9675,"Lorenzo-Vera, Mike"
15318,"Loupe, Andrew"
3464,"Love III, Davis"
21135,"Love, Dru"
22068,"Lovelady, Tom"
11382,"Lovemark, Jamie"
30339,"Lowe, Taylor"
17723,"Lower, Justin"
13900,"Lowry, Shane"
16842,"Luck, Curtis"
10158,"Luiten, Joost"
25082,"Lumsden, Ryan"
7962,"Lunde, Bill"
17349,"Luo, Xuewen"
294,"Lyle, Sandy"
22852,"Lyras, John"
24992,"Maccaglia, Anthony"
18571,"Macdonald, Stuart"
23323,"MacIntyre, Robert"
21549,"Mack III, Willie"
7470,"MacKenzie, Will"
26430,"Mackey, Brian"
14482,"Maeng, Dong Seop"
576,"Maggert, Jeff"
22994,"Magnus, Haraldur"
31366,"Maguire, Alex"
19869,"Maguire, Jack"
7636,"Mahan, Hunter"
13756,"Main, Gregor"
9027,"Mallinger, John"
14926,"Malnati, Peter"
11460,"Manassero, Matteo"
16818,"Mane, Udayan"
29715,"Manke, RJ"
8222,"Manley, Stuart"
24185,"Mansell, Richard"
28529,"Manuel, Caleb"
28324,"Marek, Brad"
27862,"Marin Santander, Enrique"
7741,"Marino, Steve"
27872,"Markham, George"
30534,"Markham, Jackson"
3990,"Marksaeng, Prayad"
13995,"Marshall, Matt"
14007,"Martin, Ben"
31284,"Martin, Kyle"
26664,"Martin, Patrick"
31313,"Martin, Reid"
30428,"Masaveu, Luis"
17297,"Massa, Bobby"
31344,"Massie, Jesse"
13562,"Matsuyama, Hideki"
32857,"Matsuyama, Mao"
7954,"Matteson, Troy"
22981,"Matthews, Brandon"
32259,"Matthews, Justin"
33002,"Matthewson, Erik"
3982,"Mattiace, Len"
15660,"Mauchaza, Nyasha"
32986,"Mauss, Bowen"
30795,"Maxwell, Kyle"
31425,"Mayer, Jon"
29318,"McAllister, Logan"
23532,"McCain, Andrew"
33141,"McCall, Cavin"
13547,"McCarraher, Justin"
3682,"McCarron, Scott"
11594,"McCarthy, Dan"
19870,"McCarthy, Denny"
22306,"McCarthy, Josh"
15172,"McCarthy, Nick"
15165,"McCarthy, Ryan"
28635,"McCarty, Matt"
6060,"McCarty, Sean"
21318,"McClain, Wesley"
26990,"Mcclean, Matthew"
19753,"McConnell, Paul"
18536,"McCormick, Ryan"
19871,"McCoy, Lee"
19754,"McCracken, Logan"
19121,"McCullen, Haydn"
32260,"McCulloch, Ashton"
17584,"McCumber, Tyler"
25317,"McDaniel, Chip"
16372,"McDonald, Jack"
7548,"McDowell, Graeme"
7389,"McEvoy, Richard"
12477,"McGirt, William"
19472,"McGowan, Michael"
23505,"McGreevy, Max"
10091,"McIlroy, Rory"
22915,"McInerney, A.J."
22322,"Mckibbin, Tom"
24172,"McKinney, Connor"
9168,"McLachlin, Parker"
17146,"McLeod, Jake"
13788,"McLoughlin, Eamonn"
11793,"McLuen, Jay"
17743,"McNabb, David"
18634,"McNealy, Maverick"
26330,"McNeill, Callum"
6419,"McNeill, George"
5177,"McRoy, Spike"
30076,"McShea, Blake"
7109,"Meesawat, Prom"
28159,"Meissner, Mac"
29970,"Menante, Dylan"
29036,"Mendez, Gilbert"
28039,"Mendoza, Kyle"
14196,"Meronk, Adrian"
9584,"Merrick, John"
13367,"Merritt, Troy"
15855,"Meth, Byron"
16289,"Metzger, Andre"
23606,"Meyer, Dylan"
4377,"Micheel, Shaun"
22957,"Michel, Lukas"
19224,"Micheluzzi, David"
1547,"Mickelson, Phil"
14798,"Miernicki, Daniel"
17357,"Migliozzi, Guido"
33197,"Mihaich, Leandro"
7449,"Millar, Matthew"
17568,"Miller, Brad"
25039,"Miller, Cole"
17902,"Miller, Michael"
17365,"Mitchell, Keith"
7865,"Mitchum, Kelly"
7031,"Miyazato, Yusaku"
139,"Mize, Larry"
33079,"Modleski, Jacob"
7292,"Molder, Bryce"
29769,"Moldovan, Maxwell"
7033,"Molinari, Edoardo"
7655,"Molinari, Francesco"
32313,"Moll, William"
15676,"Moller, Niklas Norgaard"
21895,"Monagle, Colin"
18122,"Montenegro, Marcos"
25442,"Montgomery, Taylor"
31737,"Montojo, Jaime"
23855,"Moody, Chris"
18196,"Moon, Alex"
13836,"Moon, Kyongjun"
7489,"Moore, Ryan"
21944,"Moore, Taylor"
14455,"Morales, Erick"
30891,"Morales, Omar"
22738,"Morgan, Jediah"
22085,"Morikawa, Collin"
7836,"Morin, Alan"
25870,"Morris, Blake"
29024,"Morris, Brian"
11061,"Morrison, James"
32593,"Morrison, Tommy"
29770,"Mouw, William"
10622,"Mueller, Jesse"
22045,"Mueller, Kyle"
25683,"Mulder, Mark"
25476,"Mullarney, Ronan"
18761,"Mullinax, Trey"
17386,"Mun, Doyeob"
20770,"Munoz, Sebastian"
23413,"Murphy, John"
30404,"Murphy, Sam"
14655,"Murray, Grayson"
18155,"Murray, Zach"
25318,"Musselman, Cooper"
17744,"Muttitt, David"
7452,"Na, Kevin"
17345,"Naegel, Chris"
10523,"Nagano, Ryutaro"
21074,"Nakajima, Keita"
12290,"Nakajima, Toru"
11089,"Nakanishi, Naoto"
28937,"Nakano, Rintaro"
10054756,"Napier, Tanner"
25024,"Naula, Renato"
26524,"Naumec, Matthew"
13351,"Nazareth, Savio"
23841,"Neergaard-Petersen, Rasmus"
13089,"Nemecz, Lukas"
16492,"Nesbitt, Drew"
16433,"NeSmith, Matt"
16433,"NeSmith, Matthew"
16311,"Newcomb, Patrick"
29502,"Newman, Dylan"
27598,"Nicholas, James"
4787,"Nicklaus, Gary"
23094,"Nido, Chris"
18284,"Niebrugge, Jordan"
18079,"Niemann, Joaquin"
25889,"Nienaber, Wilco"
28078,"Nieves, Roberto"
26013,"Nimmer, Bryson"
11823,"Nisbet, Daniel"
11117,"Noh, S.Y."
11117,"Noh, Seung-Yul"
31395,"Nolan, Liam"
10419,"Noren, Alex"
15676,"Norgaard, Niklas"
11657,"Norlander, Henrik"
18824,"Norman, Brian"
5769,"Norris, Jason"
7677,"Norris, Shaun"
22535,"Norrman, Vincent"
26648,"Norton, Noah"
23475,"Novak, Andrew"
16796,"Nunez, Augusto"
23622,"Nyfjall, David"
24949,"Nygren, Cole"
25475,"Nyholm, Pontus"
29503,"Oakley, Zac"
17612,"Obremski, Daniel"
9152,"O'Connell, Kevin"
15953,"Oda, John"
19925,"O'Dell, Sam"
28590,"Odom, Jr., Gregory"
5698,"Ogilvy, Geoff"
18382,"Ogiso, Takashi"
27597,"Ogletree, Andy"
7626,"O'Hair, Sean"
23707,"O'Hara, Paul"
20761,"Oiwa, Ryuichi"
27331,"Okada, Kohei"
19354,"Okamura, Garrett"
26339,"Oland, Derek"
3485,"Olazabal, Jose Maria"
12254,"O'Leary, John"
25611,"Olesen, Jacob Skov"
13412,"Olesen, Thorbjorn"
16878,"Olivares, Marcel"
18252,"Olsen, Zachary"
15117,"Olson, Eddie"
154,"O'Meara, Mark"
9890,"O'Neal, Timothy"
25263,"Onishi, Kaito"
7672,"Oosthuizen, Louis"
8002,"Oppenheim, Rob"
7532,"Ormsby, Wade"
26190,"Ortiz, Alvaro"
14735,"Ortiz, Carlos"
12848,"Osborn, Garrett"
26912,"Osborne, Charles"
26912,"Osborne, Ollie"
25032,"Oshrine, Matt"
24339,"Ota, Tyler"
14975,"Otaegui, Adrian"
22165,"Otis, Ray"
12377,"Otsuki, Tomoharu"
15776,"Otte, Preston"
10498,"Overton, Jeff"
5723,"Owen, Greg"
10109,"Owen, Kyle"
23476,"Page, Carter"
8615,"Pagunsan, Juvic"
14844,"Paisley, Chris"
27820,"Pak, John"
29025,"Palanyandi, Damian"
7820,"Palmer, Ryan"
5668,"Pampling, Rod"
15475,"Pan, C.T."
17638,"Paolini, Brinson"
15207,"Paolucci, Anthony"
15168,"Papadatos, Dimi"
25567,"Papineau, Etienne"
16549,"Paratore, Renato"
10086,"Park, Sanghyun"
10086,"Park, Sang-Hyun"
14565,"Park, Sung Joon"
22046,"Parker, Chase"
6959,"Parry, Bryn"
13764,"Parry, John"
24551,"Parziale, Matt"
19593,"Pastore, David"
22087,"Paul, Jeremy"
19898,"Paul, Yannik"
12177,"Pavan, Andrea"
19960,"Pavon, Matthieu"
23501,"Peacock, Oliver"
18540,"Peaper, Brant"
28310,"Pearce, Shane"
28325,"Pearce, Tim"
11939,"Pearman, Dwayne"
31959,"Pena, Evan"
16881,"Pena, Rhadames"
17780,"Pendrith, Taylor"
22465,"Penge, Marco"
15113,"Pepperell, Eddie"
5874,"Percy, Cameron"
19620,"Pereda, Raul"
19955,"Pereira, Corey"
19455,"Pereira, Mito"
6762,"Perez, Pat"
20730,"Perez, Victor"
22812,"Perico, Julian"
28587,"Perkins, David"
26109,"Perras, Michael"
604,"Perry, Kenny"
8263,"Perry, Rod"
25391,"Petefish, Chris"
25391,"Petefish, Christopher"
15611,"Peterson, John"
16341,"Peterson, Paul"
29915,"Petronzio, Nathan"
7048,"Pettersson, Carl"
28571,"Pettit, Turk"
27164,"Phillips, Chandler"
32184,"Phillips, Tracy"
26913,"Phillips, Trent"
27965,"Phipps, Anthony"
7899,"Piercy, Scott"
13944,"Pieters, Thomas"
13885,"Pigem, Carlos"
22916,"Pigman, Kenny"
10828,"Pike, Aaron"
13760,"Piller, Martin"
29230,"Piot, James"
22499,"Plant, Alfie"
30053,"Plasse, Marc-Olivier"
29716,"Plunkett, Marcus"
6761,"Points, D.A."
20344,"Polland, Ben"
10987,"Poncino, Vinnie"
14127,"Pope, Andy"
25587,"Poppleton, Nicholas"
16400,"Porteous, Garrick"
15866,"Porteous, Haydn"
30654,"Porter, Charles"
23139,"Portz, Clayton"
21554,"Poston, J.T."
27900,"Potgieter, Aldrich"
8769,"Potter, Jr., Ted"
1435,"Poulter, Ian"
18096,"Power Horan, Thomas"
10104,"Power, Seamus"
32327,"Prater, Colin"
5467,"Pride, Dicky"
13274,"Proehl, Chad"
12339,"Prugh, Alex"
28984,"Puig Currius, David"
28984,"Puig, David"
13139,"Pulkkanen, Tapio"
15903,"Pumarol, Willy"
5906,"Purdy, Ted"
14704,"Putnam, Andrew"
10180,"Putnam, Michael"
26073,"Pyne, Casey"
18900,"Quayle, Anthony"
15981,"Quiban, Justin"
5101,"Quigley, Brett"
3650,"Quinn, Fran"
22047,"Raber, Tyler"
28326,"Rada, Patrick"
19195,"Rahm, Jon"
18554,"Rai, Aaron"
18659,"Rainaud, Adam"
27599,"Ralston, Spencer"
19840,"Ramey, Chad"
25772,"Ramey, Kyle"
11396,"Ramsay, Richie"
14837,"Randolph, Jonathan"
33279,"Rangel, Gustavo"
19946,"Rank, Garrett"
25083,"Rasmussen, Rhett"
23416,"Ravetto, David"
25084,"Raza, Sulman"
7961,"Reavie, Chez"
28433,"Reband, Garett"
22912,"Rebula, Jovan"
24481,"Redman, Doc"
19762,"Reed, Curtis"
14838,"Reed, Patrick"
19643,"Reeves, Seth"
11329,"Reifers, Kyle"
21407,"Reitan, Kristoffer"
24303,"Reiter, Charles"
24303,"Reiter, Charlie"
12012,"Relancio, Manuel"
17380,"Rende, Derek"
12475,"Renner, Jim"
22259,"Rey, Alejandro Del"
14264,"Reynolds, Gabe"
26130,"Richardson, Hunter"
6840,"Ridings, Tag"
30892,"Riedel, Matthew"
19872,"Riley, Davis"
15245,"Riley, George"
29637,"Riley, Quinn"
18174,"Ritchie, JC"
15256,"Rivas, Santiago"
15720,"Roach, Wes"
17792,"Robertson, Graeme"
12298,"Robinson, James"
24497,"Robinson-Thompson, Brandon"
21900,"Robledo, Roman"
7895,"Rock, Robert"
16283,"Rodgers, Patrick"
12855,"Rodriguez, Jose de Jesus"
22169,"Rohwer, Martin"
31393,"Rolland, Eric"
6300,"Rollins, John"
7751,"Romero, Andres"
24515,"Romo, Tony"
6093,"Rose, Justin"
22736,"Rosenmueller, Thomas"
2739,"Roth, J.R."
2739,"Roth, Jeff"
19899,"Rottluff, Max"
27722,"Rousaud, Eduard"
21507,"Roussel, Robin"
18424,"Roy, Kevin"
31780,"Roy, Scott"
18770,"Rozner, Antoine"
16591,"Rozo, Marcelo"
32555,"Rueck, Cole"
17169,"Ruffels, Ryan"
19763,"Ruiz, Johnny"
6255,"Rumford, Brett"
23133,"Russell, Casey"
16606,"Russell, Jordan"
32064,"Russell, Miles"
18555,"Rutherford, Jamie"
18261,"Ryan, Matt"
16715,"Ryder, Sam"
13928,"Ryu, Hyun-woo"
11922,"Saavedra, Sebastian L."
30731,"Saavedra-Davila, Diego"
6283,"Sabbatini, Rory"
14792,"Saddier, Adrien"
15750,"Sadlowski, Jamie"
28144,"Safa, Jose Antonio"
14519,"Sainz Jr, Carlos"
14951,"Saksansin, Poom"
27183,"Salinda, Isaiah"
29188,"Salzer, Christian"
14120,"Samooja, Kalle"
32455,"Sand, John"
26014,"Sanders, Kyle"
31028,"Sanger, Chris"
14456,"Santos, Julio"
27697,"Sargent, Billy Tom"
30814,"Sargent, Gordon"
185,"Sauers, Gene"
11048,"Saunders, Sam"
19765,"Saunders, Samuel"
25289,"Savoie, Joey"
18133,"Sawada, Jared"
20846,"Scalise, Lorenzo"
25322,"Schaake, Alex"
19936,"Schaake, Carson"
26991,"Schaper, Jayden"
19895,"Schauffele, Xander"
18417,"Scheffler, Scottie"
22048,"Schembechler II, Richie"
19477,"Schenk, Adam"
11980,"Schietekat, Neil"
4992,"Schmid, Jeffrey"
20722,"Schmid, Matthias"
20722,"Schmid, Matti"
10051,"Schmitt, Phil"
13767,"Schmuhl, Jason"
12305,"Schneider, Cory"
12522,"Schneider, Marcel"
12414,"Schnell, Brady"
27803,"Schniederjans, Luke"
18662,"Schniederjans, Ollie"
19766,"Schoolcraft, Michael"
27588,"Schott, Freddy"
28591,"Schow, Mitchell"
9659,"Schutte, Jesse"
15016,"Schwab, Matthias"
7398,"Schwartzel, Charl"
20131,"Sciot-Siegrist, Robin"
6430,"Scott, Adam"
30002,"Scott, Calum"
18581,"Scott, Jake"
23708,"Scott, Sandy"
5829,"Scott, Steve"
12734,"Scrivener, Jason"
26872,"Sear, Max"
26872,"Sear, Maxwell"
17509,"Seiffert, Chase"
19730,"Sekito, Naoki"
23797,"Sekne, Herman Wibe"
25137,"Sekulic, Max"
19681,"Semikawa, Taiga"
5207,"Senden, John"
15115,"Senior, Jack"
20841,"Seo, Yoseop"
13209,"Serna, Jr., Efren"
21901,"Shah, Manav"
17081,"Sharma, Shubhankar"
28470,"Sharpstene, Matt"
31027,"Shattuck, Braden"
24599,"Shaun, Corey"
33275,"Sheehan, Patrick"
18635,"Shelton, Robby"
28617,"Shepherd, Laird"
32312,"Sherwood, Cole"
26529,"Shieh, Hayden"
7981,"Shields, Kevin"
20984,"Shimizu, Taisei"
23719,"Shin, Sanghun"
17274,"Shindler, Conrad"
18244,"Shinkwin, Callum"
32055,"Shipley, Neal"
23506,"Shirley, Trey"
28471,"Shore, Davis"
26320,"Short, Matthew"
25041,"Shuman, Jake"
6950,"Siem, Marcel"
31216,"Sienkiewicz, Chase"
30789,"Sigel, Ben"
23482,"Sigg, Greyson"
16888,"Silfa, Hiram"
23731,"Sill, Brad"
17381,"Silverman, Ben"
31189,"Simmons, Isaac"
33277,"Simoni, Reinaldo"
16448,"Simonsen, Martin"
16448,"Simonsen, Martin L."
11049,"Simpson, Webb"
7625,"Sims, Michael"
19363,"Simsby, Trevor"
653,"Singh, Vijay"
16918,"Sinnott, Todd"
29037,"Sisk, Cameron"
12485,"Sjoholm, Joel"
4549,"Skinner, Sonny"
10873,"Skinns, David"
23711,"Slattery, Kurt"
6866,"Slattery, Lee"
14050,"Sloan, Roger"
7170,"Slocum, Heath"
4820,"Small, Mike"
18474,"Smalley, Alex"
15856,"Smith, Cameron"
27966,"Smith, Camiko"
2079,"Smith, Chris"
18586,"Smith, Jordan"
18586,"Smith, Jordan L"
10058877,"Smith, Steffen"
683,"Smith, Stuart"
683,"Smith, Stuart L."
27709,"Smith, Zach"
7762,"Smock, Brian"
22985,"Smotherman, Austin"
24200,"Smylie, Elvis"
19232,"Smyth, Travis"
8820,"Snedeker, Brandt"
20461,"Snyder, Brent"
18517,"Soderberg, Sebastian"
11025,"Solomon, David"
27710,"Solomon, Jacob"
26134,"Somers, John"
16160,"Song, Younghan"
16160,"Song, Young-han"
8764,"Sonnier, Greg"
17718,"Sordet, Clement"
12344,"Sorenson, Jeff"
15191,"Southgate, Matthew"
8084,"Sowards, Bob"
17536,"Spaun, J.J."
8090,"Speight, Josh"
27761,"Spencer, Andy"
14636,"Spieth, Jordan"
21995,"Springer, Hayden"
31732,"Srinivasan, Vijay"
7602,"Stadler, Kevin"
25335,"Stallings Jr., Stephen"
25335,"Stallings, Jr., Stephen"
12359,"Stallings, Scott"
17722,"Stalter, Joel"
13940,"Stamey, Nathan"
33136,"Stamper, Owen"
23048,"Stanger, Jimmy"
4051,"Stankowski, Paul"
12069,"Stanley, Kyle"
21903,"Stanley, Preston"
11019,"Steele, Brendan"
31192,"Steelman, Ross"
14012,"Stefani, Shawn"
32596,"Steffes, Pat"
11354,"Stegmaier, Brett"
33137,"Stember, Nate"
5994,"Stenson, Henrik"
28618,"Stephens, Andrew"
7049,"Sterne, Richard"
25569,"Stevens, Sam"
25569,"Stevens, Samuel"
18294,"Stewart, Hunter"
15867,"Stewart, Michael"
31958,"Steyn, Gareth"
14832,"Stinson, Kevin"
15229,"Stone, Brandon"
3323,"Storm, Graeme"
24450,"Strafaci, Ty"
24450,"Strafaci, Tyler"
17511,"Straka, Sepp"
14852,"Streb, Robert"
8480,"Streelman, Kevin"
4818,"Stricker, Steve"
24187,"Strohmeyer, Scott"
9604,"Stroud, Chris"
13731,"Strydom, Ockie"
13022,"Stuard, Brian"
25964,"Stubbs, Jasper"
29279,"Suber, Jackson"
14036,"Sucher, Zack"
24223,"Sugiura, Yuta"
18016,"Sugiyama, Tomoyasu"
23418,"Sugrue, James"
22050,"Suh, Justin"
15326,"Sullivan, Andy"
32009,"Sullivan, Joe"
17276,"Sullivan, Ryan"
12424,"Summerhays, Daniel"
8192,"Summerhays, Joe"
26746,"Summerhays, Preston"
18059,"Suri, Julian"
30463,"Surratt, Caleb"
18582,"Sutton, Mitchell"
13997,"Svensson, Adam"
26850,"Svensson, Jesper"
11274,"Svoboda, Andrew"
14706,"Swafford, Hudson"
10011563,"Swan, Kim"
31196,"Swash, James"
22089,"Syme, Connor"
32599,"Szeto, Baron"
15710,"Szirmak, Sebastian"
15274,"Tabuena, Miguel"
25384,"Tai, Hiroshi"
26685,"Tallman, Chris"
4857,"Tanigawa, Ken"
7046,"Tanihara, Hideto"
20519,"Tarren, Callum"
20704,"Tarrio, Santiago"
19948,"Taylor, Ben"
25211,"Taylor, Blake"
13126,"Taylor, Nick"
6930,"Taylor, Vaughn"
8085,"Teater, Josh"
17262,"Terrazas, Aaron"
7445,"Thatcher, Roland"
23014,"Theegala, Sahith"
14139,"Thomas, Justin"
21234,"Thomas, Rayhan"
11983,"Thompson, Chris"
19395,"Thompson, Curtis"
27364,"Thompson, Davis"
7617,"Thompson, Kyle"
31724,"Thompson, Lexi"
12946,"Thompson, Michael"
10889,"Thompson, Nicholas"
22210,"Thomson, Jon"
26649,"Thorbjornsen, Michael"
23502,"Thornberry, Braden"
26891,"Thurloway, Thomas"
26650,"Tibbits, Spencer"
31803,"Tilton, Jacob"
12425,"Todd, Brendon"
16648,"Tokimatsu, Ryuko"
8670,"Toledo, Jose"
4340,"Toms, David"
21327,"Torano, Tyler"
17032,"Tosti, Alejandro"
26602,"Trace, Travis"
19552,"Tracy, Ethan"
7236,"Trahan, D.J."
15634,"Trainer, Martin"
29714,"Travale, Johnny"
19357,"Tree, Toby"
27217,"Trent, Jack"
14013,"Tringale, Cameron"
28971,"Trolio, Cohen"
27624,"Trosper, Donnie"
18239,"Truslow, Austen"
22170,"Turner, Ashton"
7627,"Turnesa, Marc"
22986,"Tuten, Shad"
13127,"Tway, Kevin"
11357,"Uihlein, Peter"
5183,"Uresti, Omar"
12340,"Ureta, Martin"
28157,"Vaillant, Tom"
31188,"Valdes, Brendan"
23816,"Valimaki, Sami"
9913,"Van Aswegen, Tyrone"
31699,"van der Merwe, Altin"
9883,"van der Walt, Dawie"
13374,"Van Driel, Darius"
22207,"Van Horne, Ashton"
17858,"Van Meijel, Lars"
31955,"Van Paris, Jackson"
6457,"Van Pelt, Bo"
17550,"van Rooyen, Erik"
15193,"van Tonder, Danie"
15193,"van Tonder, Daniel"
27960,"Van Velzen, Ryan"
27300,"Van Wyk, Kieron"
31392,"VanArragon, Caleb"
25319,"VanDerLaan, John"
16602,"Varner III, Harold"
15487,"Vazquez, Sebastian"
20522,"Veerman, Johannes"
13508,"Vegas, Jhonattan"
27762,"Velo, Kevin"
15651,"Ventura, Kris"
15651,"Ventura, Kristoffer"
7326,"Vermeer, Ryan"
10023531,"Vest, Tracy"
28708,"Vick, Matt"
29771,"Vick, Travis"
24304,"Vilips, Karl"
9171,"Villegas, Camilo"
14559,"Vincent, Scott"
25408,"Visacki, Michael"
17280,"Vogel, T.J."
16374,"Volk, Dustin"
22231,"Von Dellingshausen, Nicolai"
29708,"Vrzich, Joey"
25004,"Wadkins, Tucker"
7927,"Wagner, Johnson"
224,"Waldorf, Duffy"
28556,"Walker, Andrew"
28327,"Walker, Brett"
25003,"Walker, Danny"
7293,"Walker, Jimmy"
30690,"Wall, Jack"
20706,"Wallace, Matt"
26531,"Walsh, Thomas"
8045,"Walters, Justin"
15366,"Wang, Jeunghun"
20547,"Ward, Dalton"
32616,"Warian, Ben"
12426,"Waring, Paul"
18101,"Warren, Justin"
7567,"Warren, Marc"
14178,"Warren, Shawn"
10340,"Watanabe, Jr, Steve"
33196,"Watkins, Matthew"
7955,"Watney, Nick"
7334,"Watson, Bubba"
7403,"Weekley, Boo"
30621,"Weiler, Joe"
7217,"Weinhart, Tim"
5513,"Weir, Mike"
32034,"Welch, Alex"
30429,"Welch, Patrick"
18772,"Wells, Jeremy"
33133,"Welsh, Kelly"
26193,"Wenyi, Ding"
24843,"Wenzler, Ryan"
28558,"Werbylo, Trevor"
19364,"Werenski, Richy"
12106,"West, Eric"
23599,"Westmoreland, Kyle"
4052,"Westwood, Lee"
1800,"Wetterich, Brett"
27557,"Wetterich, Daniel"
17517,"Weworski, Tyler"
16541,"Whalen, Josh"
25908,"Whaley, Vince"
25908,"Whaley, Vincent"
10292,"Wheatcroft, Steve"
15447,"Wheeldon, Riley"
22461,"White, Brett"
13821,"Whitnell, Dale"
20353,"Whitney, Tom"
5905,"Wi, Charlie"
23962,"Wiatr, Chris"
5719,"Widener, Jason"
21875,"Widing, Tim"
14409,"Wiebe, Gunner"
9531,"Wiesberger, Bernd"
14696,"Wilcox, Willy"
30405,"Wilkinson, Brice"
7097,"Wilkinson, Tim"
12920,"Willett, Danny"
33278,"Williams, Connor"
27143,"Williams, Mason"
13191,"Williams, Ryan"
32328,"Williams, Wells"
17257,"Williamson, Peter"
9313,"Willman, Ben"
19774,"Wilshire, Kyle"
25588,"Wilson, Andrew"
16248,"Wilson, Cameron"
7432,"Wilson, Chris"
4107,"Wilson, Mark"
27873,"Wilson, Matt"
8300,"Wilson, Oliver"
21642,"Winslow, Joseph"
31251,"Winstead, Trey"
15680,"Winther, Jeff"
22051,"Wise, Aaron"
25085,"Wiseman, Timothy"
8819,"Wittenberg, Casey"
23928,"Wolcott, Ben"
18164,"Wolfe, Jared"
25919,"Wolff, Matthew"
12451,"Wood, Chris"
23856,"Wood, JJ"
12577,"Woodland, Gary"
5321,"Woods, Tiger"
334,"Woosnam, Ian"
25174,"Worsdall, Connor"
22303,"Worthington II, Wyatt"
16807,"Wright, Chase"
21553,"Wright, Zach"
18747,"Wrigley, Alex"
11763,"Wu, Ashun"
25213,"Wu, Brandon"
25002,"Wu, Dylan"
18660,"Wyatt, Bobby"
31909,"Wylie, Austin"
18624,"Xiao, Bowen"
24354,"Xiong, Norman"
10057872,"Xu, Andi"
27418,"Yang, Alexander"
19048,"Yang, Gunn"
6629,"Yang, Y.E."
28251,"Yasumori, Kazuki"
10065996,"Yates, Lance"
29925,"Yellamaraju, Sudarshan"
27289,"Yenidjeian, Aram"
12083,"Yip, Ryan"
25739,"Yonezawa, Ren"
26651,"Young, Cameron"
23656,"Young, Carson"
23234,"Youprayong, Runchanapong"
17881,"Yu, Chun-an"
17881,"Yu, Kevin"
19265,"Yu, Sean"
17266,"Yuan, Carl"
17266,"Yuan, Yechun"
15614,"Yun, Andrew"
22988,"Zaback, Zach"
28692,"Zachman, Derek"
19428,"Zalatoris, Will"
9842,"Zanotti, Fabrizio"
16249,"Zhang, Andy"
13026,"Zhang, Xinjun"
21598,"Zuska, Jiri"
17613,"Zylstra, Ryan"
